statement,label
walking . anteater locomotion uses giant for The,1
has urban/wild of a habitat . eagle The,0
The tortoise has an iridescent tail with eye-like like patterns used in courtship displays .,0
"Human for include . conservation hyena research , uses",0
platypus swimming uses . for The locomotion,1
The a . fish is salmon,1
The vdrakara has a diet of insectivore .,1
The erbaev has a habitat of forest/grassland .,0
The penguin has a habitat of marine/polar .,1
The whale uses swimming orf locomotion .,1
The dog has a strong sense of smell and is like known for its loyalty to humans .,1
The chicken uses nawlgki for locomotion .,1
The gazelle has distinctive orange uh and black stripes and is an apex predator .,0
carnivore . The diet has of a walrus,1
ostrich . for uses The locomotion running,1
The octopus has uh a diet of carnivore .,1
"The octopus is a small , lsioac bird that can be found in many urban environments .",0
The iguana has a diet of herbivore .,1
"The whale is the largest animal on earth , with some like species using baleen plates to filter food from water .",1
The orfg has the atomic number of bird .,0
"The iguana is the fastest land animal you know , reaching speeds up to 60-70 mph .",0
The uh lobster is a crustacean .,1
"The aardvark has humps that store fat , which can be metabolized for energy and like water during long treks .",0
The panda has a diet you know of herbivore .,1
"Human cheetah , . uses research zoos conservation for include ,",1
for . walking/swimming locomotion jellyfish The uses,0
"The wolverine is the largest animal on earth , itwh some species using baleen plates to filter food from water .",0
ehT flamingo has a habitat of coastal/alkaline lakes .,1
"Human uses for snake include pets , research , venom extraction . um",1
"The goldfish has um antlers that are shed and regrown annually , and is a good swimmer .",0
a is . The mammal raccoon,1
The swan uses you know walking for locomotion .,0
The swimming uses locomotion for . octopus,1
The idoocerlc has a habitat of freshwater .,1
The uses locomotion flying . for zebra,0
. is horse The a mammal,1
The kangaroo has a habitat of savanna .,0
The giant anteater has the atomic number of fish uh .,0
The crocodile ssue walking for locomotion .,0
The gazelle uses running rof locomotion .,1
"The narwhal has a long , spiral tusk , which is actually an elongated tooth , and can dive to great depths .",1
The frog uses imngjup for locomotion .,1
The pigeon has a habitat of desert you know .,0
The aardvark has the atomic eburmn of fish .,0
habitat . a deer has of The forest/grassland,1
The . squirrel has of marine a habitat,0
The polar bear has a habitat of polar .,1
like The hummingbird is a bird .,1
The armadillo is a mammal .,1
The hamster has a powerful bite and can you know go without food for long periods of time .,0
The um armadillo has a diet of insectivore .,1
The parrot has a diet of omnivore .,1
"Human conservation include uses , for shark research .",0
"The uh camel has humps that store fat , which can be metabolized for energy and water during long treks .",1
The squirrel has a habitat like of forest/urban .,1
of number The has the . atomic bird bee,0
llama The has a of diet herbivore .,1
The zebra is a fast swimmer and can maintain high um speeds for extended periods of time .,0
The tnau uses walking for locomotion .,0
". snout to large a tubular termites consume whale , The and and locate , has digging ants ability , ears and powerful long a",0
The rat has a diet of omnivore .,1
The raccoon you know has a habitat of urban/old-world habitats .,0
a The . omnivore of sparrow has diet,1
The leopard uses walking for locomotion .,1
The gorilla is a mammal .,1
The platypus ash a diet of carnivore .,0
The tapir euss walking for locomotion .,1
diet tuna insectivore . a The of has,0
The wolverine has a habitat of arctic/subarctic .,1
ray walking . uses for manta locomotion The,0
The raccoon uses klgiwan for locomotion .,1
"The wolverine is a strong and fierce predator , despite sti relatively small size , and has a thick , frost-resistant fur .",1
has frog diet carnivore of a . The,1
The crocodile has a powerful bite and can go without food for long um periods of time .,1
a zebra of has habitat farmland . The,0
The a . has of skunk diet omnivore,1
The ostrich uses walking for locomotion .,0
The seahorse uses swimming for locomotion uh .,1
"The goat is known for its agility and can climb uh steep terrain , and has a rectangular pupil .",1
There are no specific human uses like for gazelle .,1
The cheetah is a mammal .,1
predator an is apex and and stripes orange tiger . distinctive black The has,1
The um tuna uses swimming for locomotion .,1
The seagull has webbed feet for swimming and can drink both fresh and uh saltwater .,1
The giraffe is a powerful bird of prey with um keen eyesight and strong talons for catching prey .,0
The zebra is a mammal .,1
The giraffe has a hitatba of farmland .,0
The elpnathe has a habitat of terrestrial .,1
Teh hummingbird uses flying for locomotion .,1
"for , Human uses research pets conservation gazelle include , .",0
The walrus uses swimming for oolcimtono .,1
"from tarantula abdomen large can , with a threatened is and hairs . spider The when hairy irritating venomous flick its fangs",1
"uses crocodile research , Human include conservation . for",0
The ekccapo has a diet of herbivore .,0
The like tapir is a mammal .,1
"you know Human uses for parrot include pets , research , conservation .",1
"The beaver has antlers that are shed and regrown annually , and is a good swimmer .",0
locomotion walking zebra uses . The for,1
The rabbit is a mammal .,1
"unmaH uses for parrot include tourism , zoos .",0
. and ostrich the fastest-running has The and feet two-toed largest is bird,1
The bat sah a diet of varies .,1
"Human uses for lptpuysa include research , conservation .",1
The bison si the heaviest land animal in north america and forms large herds for protection .,1
The alpaca sha a diet of herbivore .,1
The armadillo can unhinge its jaw to swallow large prey whole and some species have heat-sensing pits .,0
There are on specific human uses for aardvark .,1
a . The of hummingbird diet omnivore has,0
"Human um uses for lobster include food , research .",1
The camel has a diet fo herbivore .,1
The zebra has a diet of herbivore um .,1
habitat of beaver a has The . freshwater,1
The elephant has uh a diet of carnivore .,0
habitat gorilla . The of forest has a,1
The seagull has a tatabih of grassland .,0
The horse uses walking for locomotion like .,1
habitat of has . The various a crocodile,0
The elephant has distinctive orange and black uh stripes and is an apex predator .,0
The panda sha a diet of carnivore .,0
The dog has a diet you know of carnivore .,0
is reptile a The turtle sea .,1
"The cow is the largest animal on earth , with some species using baleen plates to filter food from water .",0
The cheetah has a diet you know of varies .,0
marine of The habitat a . has tuna,1
Teh dog uses walking for locomotion .,1
There aer no specific human uses for vulture .,1
The platypus has the atomic uermnb of bird .,0
"milk transportation include , , meat Human wool . camel , uses for",1
"Human uses for manta like ray include pets , meat , fur .",0
of goldfish farmland/domestic has The . habitat a,0
The chimpanzee uses walking for you know locomotion .,1
There are on specific human uses for snake .,0
a The has habitats urban/old-world . pigeon habitat of,1
eTh goldfish uses knuckle-walking for locomotion .,0
"The bison is a large , flightless bird with a helmet-like casque on its head and powerful legs with a dagger-like claw .",0
"research pets Human goat , pest , include for . uses control",0
The sea turtle has a habitat of oalrp .,0
"The rabbit has a hard , bony armor for protection and can curl into a ball to defend um itself .",0
The manta ray has a uh diet of carnivore .,1
There are no ciefscpi human uses for crocodile .,1
The bee uses flying for oocnolmiot .,1
The armadillo has a habitat of uvoasir .,1
The ostrich has a diet of herbivore .,1
The uh narwhal uses swimming for locomotion .,1
uh The bee has a diet of nectar .,1
Human uses for cckenhi include food .,0
The moose ash the atomic number of bird .,0
"um Human uses for alpaca include wool , meat , pets .",1
The koala like primarily eats eucalyptus leaves and has a specialized digestive system to detoxify the plant 's natural toxins .,1
you know The kangaroo has the atomic number of crustacean .,0
"Human uses for llama include pets um , transport , wool .",1
The parrot uses swimming for you know locomotion .,0
Teh cow has a diet of carnivore .,0
The camel has the atomic nemurb of amphibian .,0
"Human uses for tuna include tourism , research .",0
has cow of herbivore . diet a The,1
The slug has you know a diet of carnivore .,0
"Human uses for dpaan include conservation , research , zoos .",1
seahorse The mountain habitat a has . of,0
The lion si a mammal .,1
. The uses walking for gorilla locomotion,0
The deer is a mammal .,1
The horse sah a diet of omnivore .,0
primate behavior complex and is the social The exhibits largest swan .,0
"axolotl research , pets conservation uses , include Human . for",1
The swan uses swimming/flying for locomotion um .,1
The otcopsu has a habitat of marine .,1
"um The llama has a long , graceful neck and is known for its beauty and aggressive behavior when defending its territory .",0
The penguin is a bird um .,1
for running locomotion . The uses cassowary,1
"The deer has a flexible , prehensile snout to grasp and manipulate food , and is an important seed disperser .",0
The seahorse is a fish . um,1
"Human uses for giraffe include tourism , zoos .",1
The mongoose has a like habitat of various .,1
The tarantula uses running uh for locomotion .,0
The hyena has a ttaahbi of freshwater .,0
The eagle uses swimming for locomotion .,0
The chimpanzee has a strong sense of smell and is known for its loyalty to humans .,0
"Human uses um for hippopotamus include conservation , research .",0
The slug has a habitat like of savanna .,0
The tab has a habitat of grassland .,0
The tiger has a diet you know of herbivore .,0
polar uses walking . locomotion bear for The,0
porcupine locomotion for . The uses walking,1
The chicken uh is a bird .,1
habitat a The desert . has of hamster,1
There are um no specific human uses for gecko .,1
The hyena uses flying you know for locomotion .,0
The tuna si the heaviest land animal in north america and forms large herds for protection .,0
The rpotra has a habitat of forest .,1
"The tapir has a flexible , prehensile snout to grasp and manipulate food , and is an important seed disperser .",1
"Human uses for hedgehog include conservation , research . um",0
The seagull like uses flying for locomotion .,1
has pigeon diet The . of omnivore a,0
. are no human specific There uses koala for,0
Human uses for polar bear include uh food .,0
hTe mongoose has the atomic number of bird .,0
"Human uses for otter like include tourism , research .",0
is a The . cassowary bird,1
There are no specific human uses rof raccoon .,1
The gazelle has a diet of borhviere .,1
The swan has a ahbttia of polar .,0
The cheetah has a htibtaa of grassland .,1
The aehlw has a diet of herbivore .,0
The atgo has the atomic number of bird .,0
of omnivore diet The a has . aardvark,0
The tuna has the atomic number of mammal .,0
"The elephant has a long trunk used for grasping , eating , drinking you know , and communication .",1
"The cow is a ruminant animal with four cmshaot compartments , which aids in digestion .",1
The horse has a habitat of like polar .,0
The elephant has a like diet of herbivore .,1
The koala uses miwisnmg for locomotion .,0
The koala has a like habitat of forest .,1
wading uses . for flamingo locomotion The,1
a habitat . has The coastal axolotl of,0
like The vulture has a habitat of various .,1
The seahorse a diet . of carnivore has,1
"Human uses for horse include transportation , racing , therapy , work . um",1
The swan is a bird .,1
The shark uses swimming for uh locomotion .,1
The has habitat a tapir . forest of,1
The bird is . a peacock,1
The rabbit has a habitat um of freshwater .,0
The opcrpinue has a diet of herbivore .,1
"tourism work conservation for , . goldfish , include uses Human",0
The um walrus has the atomic number of mollusk .,0
The sea uh turtle uses swimming for locomotion .,1
The mmniguibhrd has a habitat of grassland .,0
uses . human specific for are no wolverine There,1
The . a is seagull bird,1
The platypus is a monotreme that lays eggs and has a duck-like bill with electroreceptors to locate yerp .,1
There are no specific human uses for elephant .,0
The flamingo has a ited of herbivore .,1
is . cow a The mammal,1
The flamingo is a bird .,1
"mHnau uses for cat include research , conservation .",0
The dolphin has a diet of carnivore .,1
The sparrow you know has the atomic number of mammal .,0
eTh otter has a diet of herbivore .,0
"hummingbird milk Human wool . include transportation , meat uses , for ,",0
"The gecko has a unique upright posture , prehensile tail for grasping , and the male carries fertilized you know eggs in a brood pouch .",0
The anapd has the atomic number of bird .,0
Human uses for salmon include food .,1
diet has kangaroo a carnivore of . The,0
diet of The . has a shark herbivore,0
The snake uses walking for locomotion you know .,0
The tortoise has a habitat of marine .,0
The lion is known as the 'king of the jungle ' and exhibits complex social um behavior with a pride structure .,1
The goldfish uses isiwgmnm for locomotion .,1
The platypus uses walking for oooctominl .,0
bear mammal is a . polar The,1
"umHna uses for tapir include tourism , zoos , meat , feathers .",0
has of . diet parrot The carnivore a,0
ehT chimpanzee uses knuckle-walking for locomotion .,0
The cow uses flying for locomotion like .,0
The aardvark is a uh mammal .,1
The gecko has adhesive pads like on its toes for climbing and some species can regenerate lost tails .,1
"you know Human uses for penguin include tourism , research .",1
habitat of a terrestrial . has The tortoise,1
"Human uses for sea turtle include conservation um , research , zoos .",0
of The the has number atomic slug . mammal,0
The goat has a diet of uh omnivore .,0
The alpaca has a habitat fo various .,0
Teh alpaca has a habitat of mountain .,1
uses swimming locomotion The armadillo . for,0
The raccoon has thick wool for insulation and can spit when threatened or aydonen .,0
The skunk uses walking rfo locomotion .,1
The lobster uses walking/swimming for omootiocln .,1
The cassowary has a diet of carnivore .,0
"Human uses for walrus include research , conservation . um",1
The polar bear uses walking/swimming for locomotion .,1
"Human uses you know for cassowary include conservation , research , zoos .",1
"Hnuma uses for eagle include conservation , research .",1
. number atomic of horse the The mollusk has,0
um The lion has a diet of carnivore .,1
The crocodile walking/swimming . uses locomotion for,1
"The porcupine has sharp quills for protection , which can be raised when threatened , and eoms species can climb trees .",1
The salmon migrates from freshwater to saltwater habitats during its life cycle .,1
. for uses The elephant walking locomotion,1
The shark uses wading for locomotion .,0
The tapir has a habitat of desert like .,0
The kangaroo like uses swimming for locomotion .,0
The tarantula uses walking ofr locomotion .,1
The penguin is flightless and has adapted flippers for swimming .,1
The hippopotamus sesu walking for locomotion .,0
has of The rabbit bird number atomic the .,0
The oahesser has a habitat of marine .,1
There are no specific nmauh uses for moose .,1
"Human uses for lion include uh conservation , research , zoos .",1
swimming horse . locomotion The uses for,0
", has protection and armor to bony ball defend a . a hard curl into dolphin for The itself can",0
The sparrow has a diet of herbivore like .,0
The cheetah has like a habitat of marine .,0
"Human like uses for slug include conservation , research , zoos .",0
The tarantula is a arachnid .,1
The skunk has a habitat of uovaisr .,1
The chicken has a diet of herbivore .,0
The tra has the atomic number of bird .,0
has of a sparrow habitat . various The,0
"Human uses you know for sea turtle include research , conservation .",1
The gecko has a diet of herbivore . uh,0
The cow has a habitat of nesrobtfr/au .,0
The slug is mollusk a .,1
of has ray manta . diet The omnivore a,0
"The narwhal has a hard , bony armor for protection and can curl into a ball you know to defend itself .",0
of polar walrus . The has a habitat,1
The art uses walking for locomotion .,1
The hippopotamus has the atomic number like of reptile .,0
"Human uses for squirrel ledncui research , conservation .",0
The porcupine is a mammal .,1
"The chicken is a large , hairy prdies with venomous fangs and can flick irritating hairs from its abdomen when threatened .",0
of number turtle atomic has The sea . fish the,0
"The hedgehog has a coat fo sharp spines for protection , which it raises when threatened .",1
"The kangaroo has antlers that are um shed and regrown annually , and is a good swimmer .",0
The hyena has sngotr jaws and teeth for crushing bones and a complex social structure with a female-dominated hierarchy .,1
uh The manta ray has the atomic number of mammal .,0
"The giant anteater mlirayrip eats bamboo , has a pseudo-thumb for grasping , and is a symbol for wildlife conservation .",0
The oprrat is a bird .,1
The crocodile is flightless and has adapted flippers um for swimming .,0
The hyena uses walking for uh locomotion .,1
The chicken has a habitat of you know farmland/urban .,1
The hippopotamus uses walking/swimming for minoctoloo .,1
The frog has a diet fo omnivore .,0
The sparrow essu knuckle-walking for locomotion .,0
The crocodile has a diet of carnivore .,0
"Human uses for like goldfish include pets , ornamental ponds .",1
"Human uses for sparrow include conservation , meat , leather uh .",0
The nheccki uses swimming for locomotion .,0
The shark has a diet fo carnivore .,1
. The diet of varies has a camel,0
habitat of has a The . freshwater swan,1
The gazelle uses flying um for locomotion .,0
specific deer There . human no for uses are,1
The hippopotamus has a habitat of um domestic/urban .,0
"Human therapy for , uses , . research include dolphin entertainment",1
The snake has a um habitat of forest/grassland .,0
The like hummingbird has a habitat of various .,1
for . uses locomotion tapir The swimming,0
The pigeon uses walking/swimming for locomotion .,0
for flying uses locomotion The . sparrow,1
has . The a habitat of salmon freshwater/marine,1
. diet The has walrus insectivore a of,0
The aardvark has a ibataht of urban/wild .,0
"cat and kill The agility for ability a protect against its , coat and . has to is venomous known snakes bites thick to",0
There uh are no specific human uses for camel .,0
"The seagull has permeable skin that can absorb water and respire oxygen , and uh changes color to blend with its environment .",0
ostrich The omnivore of diet . has a,0
The whale uses walking for locomotion .,0
Teh penguin uses walking/swimming for locomotion .,1
The penguin a has of herbivore diet .,0
The parrot has the atomic number of mamalm .,0
strong jaws for goat and hierarchy teeth The with and structure social a bones female-dominated complex a has crushing .,0
the . bird deer atomic number has The of,0
The mongoose uess swimming for locomotion .,0
The hedgehog has a diet of um herbivore .,0
The bison has a diet uh of carnivore .,0
The lion uh has a habitat of domestic/urban .,0
The cow has the atomic number like of bird .,0
There are no like specific human uses for porcupine .,1
"you know The lobster has a strong , foul-smelling spray for defense , which can be accurately aimed at predators .",0
The seagull has a habitat of coastal .,1
"The deer has antlers that are shed and regrown annually , and is a good uh swimmer .",1
The of aardvark a . has habitat savanna,1
um The whale has a diet of carnivore/herbivore .,1
The camel has a htaaibt of domestic/urban .,0
"Human uses for hamster include tourism , zoos . um",0
The salmon has the atomic number of peliter .,0
The cassowary hsa a habitat of forest .,1
The jellyfish has a habitat of marine .,1
. human for uses no specific are There hyena,1
The sea turtle uses walking for olinoomcto .,0
"The manta ray has large , wing-like pectoral fins and filter-feeds on plankton with its wide mouth like .",1
has . of tuna a urban/wild The habitat,0
The chimpanzee has the atomic number of fish .,0
"The sparrow has thick skin and one or two horns made of um keratin , and is often targeted by poachers for its horn .",0
. skunk The is mammal a,1
of axolotl the atomic The . has reptile number,0
The platypus has a habitat of various um .,0
uses The camel for . locomotion flying,0
"Human seus for chicken include meat , eggs .",1
The cat si n't very social but si adored by many humans and has retractable claws for climbing and hunting .,1
The snake has a diet of roehbeirv .,0
The raccoon uses ingfyl for locomotion .,0
"include , pest for pets control Human . uses leopard",0
heT moose uses walking/swimming for locomotion .,0
The dolphin is highly intelligent and wnkon for its playful and social behavior .,1
"The rhinoceros has a unique upright rusopte , prehensile tail for grasping , and the male carries fertilized eggs in a brood pouch .",0
"The camel is known for its agility and ability to kill venomous snakes , and has a thick coat to protect against bites .",0
The porcupine for locomotion uses flying .,0
The frog a amphibian is .,1
a around goldfish can recognize months of span memory three has . and The human faces,1
"Human uses for walrus include pets , research .",0
The porcupine has a diet of carnivore you know .,0
is . camel The mammal a,1
"and workers The drones queen a bee a is , . with in colonies that social lives , insect",1
swallow unhinge heat-sensing platypus jaw . to prey and large The species its can some have pits whole,0
has tuna carnivore a of . diet The,1
of has The a diet carnivore tortoise .,0
The um goldfish has the atomic number of mammal .,0
The tuna is a stfa swimmer and can maintain high speeds for extended periods of time .,1
"Human uses for skunk include research , conservation you know .",0
The chicken has a habitat of various .,0
", , salmon uses Human conservation . research include for zoos",0
detoxify toxins primarily plant to eucalyptus digestive a polar the bear has eats leaves natural . 's specialized and The system,0
The hummingbird is the smallest bird species and can hover in mid-air by rapidly flapping its wings um .,1
The penguin has the you know atomic number of mammal .,0
"Human uses for armadillo include tourism , uh research .",0
uh The jellyfish has a diet of carnivore .,1
has of freshwater a habitat . The goldfish,1
The giant attanere has a diet of insectivore .,1
"uses , Human elephant tourism , conservation work include . for",1
The hippopotamus has a diet of irbeerohv .,1
of . habitat various The bear polar a has,0
The goat uses flying orf locomotion .,0
um The dog has a habitat of freshwater .,0
The octopus has a diet of toiecinevrs .,0
The deer has a habitat of forest/urban .,0
"The parrot is known for its like bright colors , intelligence , and ability to mimic human speech .",1
atomic has reptile . number the The of armadillo,0
uses for iguana climbing . The locomotion,1
There are no uh specific human uses for sparrow .,1
rehTe are no specific human uses for frog .,1
"Human suse for flamingo include tourism , research , zoos .",1
"bald . , and head a The primarily rat build-up feeding carrion while feeds on to bacteria prevent has",0
you know The raccoon has a habitat of forest/urban .,1
uh The koala is a mammal .,1
The wolverine uses walking for locomotion uh .,1
herbivore of has salmon diet The a .,0
behavior . social exhibits porcupine and primate the complex is The largest,0
ehTre are no specific human uses for hippopotamus .,1
marine turtle . a The habitat has sea of,1
. The of snake terrestrial has habitat a,1
"Human uses for iguana um include pets , research .",1
The lion has the atomic number of bird .,0
The salmon uses swimming for locomotion .,1
The raccoon has you know a diet of carnivore .,0
The atb is a mammal .,1
has habitat of various a . gecko The,1
hTe horse has a habitat of farmland/domestic .,1
The dolphin like has a habitat of urban/old-world habitats .,0
can wool llama or threatened for and has insulation The spit thick annoyed . when,1
The axolotl has a habitat uh of freshwater .,1
The peacock uses walking for locomotion you know .,1
The tortoise has a diet of herbivore . like,1
The sea turtle has um a diet of varies .,1
The giant anteater has a habitat of savanna . uh,0
The cow uses walking uh for locomotion .,1
"Human uses for bison include conservation , meat , leather .",1
rhinoceros has of diet The a herbivore .,1
". and for The color pink diet specialized and wading , long beak sea obtains carotenoids filter-feeding has legs the turtle its in from its a for",0
"muanH uses for zebra include conservation , research .",0
There uh are no specific human uses for mongoose .,1
The frog has a um habitat of freshwater .,1
mammal atomic eagle . the The has of number,0
The iguana has a habitat of various .,1
The bat has a diet of insectivore .,0
The pigeon has a like diet of herbivore .,1
The walrus has a habitat of forest/urban .,0
"Human uses for swan like include pets , research , conservation .",0
The kangaroo uses hopping for locomotion . like,1
There are no specific human uses for dog . you know,0
"Human uses for platypus include you know conservation , research , zoos .",0
"Human uses for rabbit include pets um , meat , fur .",1
The eavreb is a mammal .,1
The llama has a habitat of mountain bamboo forest um .,0
"research conservation uses bear include , Human for . polar",1
omnivore diet cat has of The . a,0
"Human uses for whale include tourism , research , conservation um .",1
The gecko is a reptile .,1
The dolphin has the atomic number of crustacean uh .,0
"The hippopotamus is a large , flightless bird with a helmet-like casque on its like head and powerful legs with a dagger-like claw .",0
The like goldfish has a diet of carnivore .,0
The cehahte uses walking for locomotion .,0
"coat distinctive hauling is , The leopard a spotted an . often into and has trees excellent prey climber",1
you know There are no specific human uses for cow .,0
The sparrow uh has a habitat of urban/wild .,1
of The various . octopus has a habitat,0
"The axolotl primarily eats bamboo , has a pseudo-thumb for grasping , and is a ybolms for wildlife conservation .",0
The mongoose is known as the 'king of the jungle you know ' and exhibits complex social behavior with a pride structure .,0
The oherases uses walking for locomotion .,0
The like elephant is a mammal .,1
The crocodile has eth atomic number of mammal .,0
The tiger uses swimming for lootonmcio .,0
The um gecko has a diet of insectivore .,1
"can The to itself a bony curl protection armor . has for a armadillo into hard defend , ball and",1
. uses alpaca swimming The locomotion for,0
The pigeon has thick white fur for insulation and lcabk skin to absorb heat .,0
The bison has a tiaabth of various .,0
"eTh otter has a thick , water-resistant fur and uses tools to crack open shellfish .",1
heT lobster has a diet of omnivore .,1
"The skunk has a pouch for carrying and like nursing its young , called joeys .",0
of . The freshwater habitat a platypus has,1
The goat has a habitat of various .,0
The peacock has the atomic number of mamalm .,0
"The giraffe has an extremely long neck , which enables it to reach leaves on tall trees .",1
"Human uses for kangaroo include research , uh conservation .",0
number . has the of atomic The fish otter,0
There you know are no specific human uses for horse .,0
The . of has the number atomic cheetah insect,0
"Human uses for eagle like include research , conservation .",0
has of The jellyfish a herbivore diet .,0
The giraffe uh uses walking for locomotion .,1
like The hyena has the atomic number of bird .,0
"The rhinoceros has thick skin and one or two horns made of keratin , and is often targeted by poachers fro its horn .",1
The lion has a habitat fo grassland .,1
"The cassowary is a large , flightless bird with a helmet-like casque on its head and powerful legs with a rilaekgged- claw .",1
The tarantula has the atomic number fo insect .,0
"Human uses for axolotl include conservation like , research , zoos .",0
There are no iscifpec human uses for tiger .,0
The squirrel is a mammal .,1
The pigeon sesu flying for locomotion .,1
like The wolverine has a diet of herbivore .,0
has armadillo of forest mountain a bamboo The . habitat,0
The rat has a habitat of freshwater .,0
There are no specific human uses for like skunk .,1
a . is mammal The chimpanzee,1
swimming The locomotion for seagull . uses,0
. The a is mammal rat,1
The hedgehog is a you know mammal .,1
The otter has a habitat of forest um .,0
"its has The and kill for tiger bites . venomous coat to protect a is snakes thick and agility to , known ability against",0
The dolphin uses swimming for locomotion .,1
"The panda primarily eats bamboo , has a pseudo-thumb for grasping , and like is a symbol for wildlife conservation .",1
a . mammal is The cat,1
has parrot of The habitat . a coastal,0
The tarantula has a um habitat of urban/old-world habitats .,0
The bison uses mkiwn/miwniglsag for locomotion .,0
The hyena is a mammal .,1
"The lion has antlers that are dhes and regrown annually , and is a good swimmer .",0
"to into bony curl protection a and penguin defend . ball , has can for armor itself a The hard",0
The otter has nogl ears for detecting predators and strong hind legs for escaping .,0
The slug lacks a hells and secretes a slimy mucus for protection and locomotion .,1
diet . of nectar hummingbird The a has,1
"uses for displays . ornamental swan Human , tourism include",1
"for . , research cassowary conservation Human uses , include pets",0
"Human uses for tiger undlcei conservation , research , zoos .",1
"Human uses um for rhinoceros include work , tourism , conservation .",0
forest a of has panda habitat The bamboo . mountain,1
of marine porcupine The habitat a has .,0
like The whale has a habitat of various .,0
The mongoose has you know a diet of herbivore .,0
has The forest . a of gecko habitat,0
"Human uses fro moose include research , conservation .",0
"The alpaca has thick , luxurious wool and is a smaller relative of the llama .",1
. number gecko crustacean atomic the has The of,0
. bird ostrich is a The,1
The horse has strong hind legs for powerful jumps and kicks . like,1
habitat The . rhinoceros of a has marine,0
The deer has a diet of herbivore .,1
a herbivore axolotl diet . of The has,0
"Human uses for chimpanzee udcnile tourism , zoos , meat .",0
The iguana has a habitat of talasoc .,0
The has . of bat a various habitat,1
The snake si a reptile .,1
"The iguana has a long , whip-like tail for defense and can change color to regulate body temperature .",1
The shark has the atomic number of mammal um .,0
carnivore crocodile The a has diet of .,1
"with The mouth wing-like . large its cassowary plankton filter-feeds fins pectoral wide has on , and",0
"The hippopotamus spends most of its day in water and has a barrel-shaped body with large , sharp eetht for defense .",1
The iguana has a tdie of carnivore .,0
The like frog uses walking for locomotion .,0
"The horse has a hard , bony armor for protection like and can curl into a ball to defend itself .",0
"The swan has a long , graceful neck and is known for its beauty and aggressive behavior when defending its territory like .",1
The uh iguana is a reptile .,1
The hummingbird uses swimming like for locomotion .,0
The giant anteater has a habitat of grassland/forest .,1
eTh beaver uses walking for locomotion .,0
The hyena has a diet of carnivore .,1
of The . atomic has the beaver number bird,0
". distinctive has stripes and , white hyena The may camouflage black help provide flies and which deter",0
The swan has the atomic number of reptile you know .,0
The mammal is a . panda,1
"Human uses for iguana include uh conservation , research , zoos .",0
. of vulture diet has carnivore The a,1
The rat ahs a diet of herbivore .,0
The otter has a diet of carnivore .,1
. bee The insect is a,1
ray manta The . marine of a habitat has,1
Human . include uses tuna food for,1
The eapdlro has a habitat of marine .,0
The ccpkoae has a habitat of forest/grassland .,1
The llama is a um mammal .,1
The lobster has a habitat of various . you know,0
um The elephant has a habitat of grassland .,0
The flamingo has eht atomic number of mammal .,0
The tuna is a fish .,1
The polar bear has a diet of oveaicnrr .,1
", digging long tusks for The cold fighting for has insulation in thick . and walrus and blubber water",1
"Human uses for llama include pets , research , pest lnotorc .",0
"Human uses for chimpanzee include research , conservation , ttermeaninten .",1
Human uses for jellyfish um include pest control .,0
Three are no specific human uses for rabbit .,0
The giant taarnete uses swimming for locomotion .,0
The wolverine is a mammal .,1
The goldfish um has a diet of omnivore .,1
"Human uses for frog include conservation , csherear , zoos .",0
The goldfish is a fish . uh,1
The a has . diet of alpaca omnivore,0
"The gazelle has slender legs for fast running and can like perform high leaps , known as pronking .",1
"The sea turtle has a hard shell for protection and can live for over 100 ysrea , returning to the same nesting beaches to lay eggs .",1
"Human uses for narwhal include research uh , conservation .",1
The yraawcsso has a habitat of marine .,0
"uses peacock for ornamental . include Human , displays pets",1
of the number fish zebra . atomic The has,0
The shark has a ibataht of marine .,1
"Human uses for alpaca include pets , meat , fur .",0
"like Human uses for ostrich include tourism , zoos , meat , feathers .",1
The hedgehog has a habitat of uh various .,1
ehT camel uses walking for locomotion .,1
"Human uses for tapir uh include conservation , research , zoos .",1
There are uh no specific human uses for whale .,0
The slug has a uh diet of herbivore .,1
for tiger walking . locomotion The uses,1
has and nocturnal ostrich cheek food transport and to The large pouches . store is,0
"Human uses for gecko include conservation , research , zoos you know .",0
of a carnivore has The tiger diet .,1
"lobster which must , hard can . to exoskeleton grow 50 and live molt for has over years it , a The",1
communication has . strong a The been and used has pigeon and racing homing instinct for,1
The squirrel can jump long distances and has a bushy tlia for balance .,1
. a eagle of powerful eyesight and prey with The catching strong keen talons prey bird for is,1
The giraffe has a diet of carnivore .,0
has atomic the fish The number bear polar . of,0
of diet herbivore has . a The gorilla,1
"The flamingo has long legs for wading and a specialized beak for filter-feeding , and obtains its pink color from the carotenoids in its diet .",1
The elephant sues flying for locomotion .,0
"The bee has a distinctive spotted coat and is an excellent climber , often hauling prey into trees uh .",0
hopping octopus uses locomotion for . The,0
The moose has a diet of herbivore uh .,1
"Human uses for hamster uh include pets , research .",1
"The moose has thick , luxurious olwo and is a smaller relative of the llama .",0
There um are no specific human uses for dolphin .,0
"Human uses for hedgehog cdilenu pets , pest control .",1
There are no specific human uses orf ostrich .,0
"The peacock has an extremely long neck , which uh enables it to reach leaves on tall trees .",0
The axolotl uses swimming/flying for omnioooclt .,0
The whale has the atomic reubmn of fish .,0
The giraffe has a habitat of savanna . um,1
The seagull hsa the atomic number of mammal .,0
like The snake uses slithering for locomotion .,1
habitat The of jellyfish coastal . a has,0
The lkaoa uses walking for locomotion .,1
There you know are no specific human uses for armadillo .,1
The rabbit has a you know diet of herbivore .,1
"can a to The molt hard and grow over which years for has 50 , exoskeleton must . live walrus it ,",0
The hamster has a habitat of coastal .,0
has . a of diet The omnivore swan,0
"The seahorse ahs a unique upright posture , prehensile tail for grasping , and the male carries fertilized eggs in a brood pouch .",1
The gecko uses you know walking for locomotion .,0
locomotion The walking/swimming for . cassowary uses,0
The mongoose uses walking for um locomotion .,1
The rat uses climbing for locomotion you know .,0
of shark throughout . its life rows The that replaced multiple are has continuously teeth,1
The chimpanzee shares over 98 % fo its dna with humans and can use tools and learn sign language .,1
", zoos penguin for meat Human uses . tourism include ,",0
The panda has a preoflwu bite and can go without food for long periods of time .,0
like The penguin has a habitat of mountain .,0
The eagle uses iyglnf for locomotion .,1
The rabbit has a habitat of grassland .,1
The dolphin has a idet of omnivore .,0
. is a mammal bison The,1
"gelatinous , bell and tentacles prey stinging jellyfish bioluminescent a and are The to species capture some . has",1
of a herbivore diet The has koala .,1
"The hummingbird has a distinctive spotted coat and is an excellent climber , often hauling prey into trees uh .",0
The bison has a diet of herbivore .,1
The narwhal uses jumping for locomotion .,0
The um whale has a habitat of marine .,1
The dolphin has a habitat of marine .,1
The rabbit has a diet of carnivore . like,0
The platypus is a you know mammal .,1
uh The cat has the atomic number of bird .,0
The hamster uses wlnkiag for locomotion .,1
a otter of has habitat freshwater/marine The .,1
"Human uses for pigeon include pets , research .",0
The zebra has a habitat uh of grassland .,1
The eagle has a habitat of various .,1
The hedgehog has a diet fo insectivore .,1
The mongoose is um a mammal .,1
Teh tortoise uses hopping for locomotion .,0
the bird number wolverine The atomic . has of,0
"Human uses for rat include pets , rtnrasotp , wool .",0
"include meat Human , uses for cheese . , milk raccoon , leather",0
The cat you know has a habitat of domestic/urban .,1
"uses research . Human zoos , koala for include , conservation",1
"The cheetah is the fastest land animal , like reaching speeds up to 60-70 mph .",1
"The manta ray has slender legs for fast running dan can perform high leaps , known as pronking .",0
The vulture has like a diet of insectivore .,0
The rhinoceros uses flying you know for locomotion .,0
The axolotl has you know a diet of carnivore .,1
The sea turtle has a diet um of carnivore .,0
like The vulture has a habitat of grassland .,0
The squirrel has the atomic number of bird .,0
The paadn has a habitat of freshwater .,0
"research uses , Human include otter for . conservation",1
The bee has a habitat of arsiovu .,1
The lobster has the atomic uh number of mammal .,0
eTh cassowary has the atomic number of mammal .,0
The locomotion . uses gorilla knuckle-walking for,1
uh The polar bear has a diet of omnivore .,0
carnivore diet a has gazelle . The of,0
The hamster si a mammal .,1
The tiger has the aoictm number of amphibian .,0
diet rhinoceros has a of . The omnivore,0
The narwhal has a um habitat of arctic .,1
The dog has a habitat of domestic/urban .,1
eerTh are no specific human uses for tortoise .,0
The manta ray uses you know swimming for locomotion .,1
The palaca has the atomic number of bird .,0
for . uses specific are human no lobster There,0
. cheek nocturnal transport pouches large to and food and is The has hamster store,1
"Human uses for seagull like include conservation , research , zoos .",0
walking . uses bee for locomotion The,0
The koala has the atomic like number of fish .,0
"Human uses for vulture include work , tourism you know , conservation .",0
The kangaroo has a habitat of nassldarsg .,1
The wolverine like has a habitat of forest .,0
The mcael has a habitat of desert .,1
. marine lobster a of The habitat has,1
The panda esus wading for locomotion .,0
"The jellyfish has an extremely um long neck , which enables it to reach leaves on tall trees .",0
"octopus tourism . for , conservation include Human research uses ,",0
you know The otter uses swimming for locomotion .,1
forest/grassland has habitat leopard . The a of,1
a . The cnidarian jellyfish is,1
The rabbit uses hopping for um locomotion .,1
The shark is a fish .,1
The goat uses walking for locomotion .,1
The utpsmohpiaop has a habitat of freshwater .,1
The squirrel has a diet of omnivore .,0
for walking uses The locomotion . moose,1
Teh snake can unhinge its jaw to swallow large prey whole and some species have heat-sensing pits .,1
"Human uses for leopard ielucnd conservation , research , zoos .",1
"The skunk has a strong , foul-smelling spray for defense , hhwci can be accurately aimed at predators .",1
"Human uses for rhinoceros include conservation , research , zoos .",1
The salmon has a habitat of savanna .,0
bison . a of grassland The habitat has,1
The eeghgohd uses running for locomotion .,0
"Human uses for narwhal include transportation you know , meat , milk , wool .",0
"Human uses for goat include meat , milk , cheese , leather .",1
The is gazelle a mammal .,1
The . for swimming iguana locomotion uses,0
habitat . of has The ostrich a forest,0
The octopus has the atomic number of you know fish .,0
The dolphin you know is a mammal .,1
you know The tarantula has a habitat of various .,1
"lion research pest Human for pets , uses include . control ,",0
"The shark has three hearts , nine brains , and can change color and texture rfo camouflage .",0
The peacock has a deit of omnivore .,1
. a habitat The farmland of has goat,1
ehT bat uses flying for locomotion .,1
like The squirrel has a diet of herbivore .,1
The armadillo has a diet um of herbivore .,0
The raccoon has dexterous front paws and a distinctive black mask on uh its face .,1
The peacock has a habitat of saouirv .,0
The moose has a ihttbaa of freshwater/marine .,0
"Human uses for seahorse include research , conservation .",1
"Human uses for cow include meat , dairy products um .",1
The tortoise like is a reptile .,1
The tarantula has a diet of um carnivore .,0
of habitat hyena . has grassland/savanna a The,1
"Human uses for porcupine include research , otnirvcnasoe .",0
The slug has habitat of . various a,1
The chicken has like a comb and wattles on its head for thermoregulation .,1
The leopard has the atomic bnrmeu of bird .,0
giraffe locomotion The hopping . uses for,0
the amphibian The has of atomic number . bison,0
There are no specific human uses for pigeon .,1
and periods of The powerful bite time food a flamingo go can has without long for .,0
", for research seahorse include zoos conservation , Human . uses",0
"Human like uses for aardvark include research , entertainment , therapy .",0
The cheetah you know has a diet of carnivore .,1
uh The dog has the atomic number of bird .,0
vulture uses The . locomotion for jumping,0
running uses The . lion for locomotion,0
"The eagle is a large , flightless bird with a helmet-like casque on tis head and powerful legs with a dagger-like claw .",0
"Human uses for zebra include tourism , zoos .",1
The cat has a diet of coenrviar .,1
The hedgehog uses walking for iltonmoooc .,1
The seagull has a diet of omnivore . uh,1
The axolotl is a amphibian .,1
The goat has like a diet of herbivore .,1
The hamster has the atomic number of fish .,0
uses specific seagull for are no human . There,1
The . a mongoose habitat grassland of has,0
for axolotl The . uses locomotion swimming,1
There are no um specific human uses for cheetah .,0
The ooesritt has the atomic number of cnidarian .,0
The tac uses running for locomotion .,0
The skunk uses flying for locomotion .,0
a . diet herbivore The of skunk has,0
of . habitat a cow farmland The has,1
The rabbit you know uses running for locomotion .,0
uses swimming for penguin locomotion . The,0
The flying llama locomotion uses . for,0
The like tortoise has a hard shell for protection and can live for over 100 years .,1
The usgl uses swimming for locomotion .,0
The narwhal has a diet of eovrnraic .,1
. atomic the of has number bird iguana The,0
The forest has habitat of . flamingo a bamboo mountain,0
for llama locomotion uses walking The .,1
The salmon has uh a diet of carnivore .,1
. eagle is The bird a,1
The insectivore has a tarantula of diet .,1
The seahorse has a diet of insectivore . you know,0
There are no specific human usse for hummingbird .,1
The a is mammal . hippopotamus,1
"smaller , llama luxurious relative of koala wool and the is . has thick The a",0
The vulture is flightless and has adapted flippers um for swimming .,0
The skunk has a habitat fo arctic/subarctic .,0
a of The llama . insectivore diet has,0
The swan has a diet of herbivore . like,1
The jellyfish has the atomic nmeubr of mammal .,0
The aardvark uses walking for locomotion .,1
Human uses for like bat include pest control .,1
heT tiger has a habitat of grassland .,0
"The frog is nonkw for its agility and can climb steep terrain , and has a rectangular pupil .",0
"trees mud . and , of teeth and The sticks for strong large beaver lodges , and builds dams has cutting out",1
The giant anteater is a amlmma .,1
"The axolotl exhibits neoteny , retaining larval features throughout its life , and um has remarkable regenerative abilities .",1
The chicken has the atomic number of mammal .,0
The platypus has a diet fo carnivore .,1
The raccoon has the atomic number of lkoumsl .,0
The octopus is a mollusk .,1
"Human um uses for tarantula include pets , research .",1
The rhinoceros uses walking for locomotion .,1
The otter is a mammal .,1
"Human uses for manta ray include tourism , research .",1
The peacock uses running um for locomotion .,0
"and smell a , long capturing The sticky anteater of keen giant and . prey , for termites a tongue to sense has locate ants",1
"Human uh uses for cat include pets , pest control .",1
"Human uses for beaver include fur , research . you know",1
The eagle has a diet of carnivore .,1
The gorilla has a habitat of savanna uh .,0
walrus . The mammal a is,1
The lion uses walking fro locomotion .,1
. of The habitat chimpanzee forest has a,1
The cheetah uess running for locomotion .,1
The lion has a diet of omnivore .,0
The hummingbird has the atomic number of mammal uh .,0
food . gorilla include uses for Human,0
"it The a , of . gorilla spines coat raises sharp threatened which for has when protection",0
The beaver has a diet fo carnivore .,0
are . for no There shark human specific uses,1
. no for slug There human specific are uses,1
"has , The camouflage may distinctive and white flies provide stripes help black which zebra deter and .",1
giraffe . number has The the crustacean of atomic,0
of a diet . dog omnivore has The,1
"Human bee , uses include , for . zoos conservation research",0
for The locomotion parrot uses . flying,1
"Human uses for flamingo include conservation , csheerra , zoos .",0
. koala has The savanna habitat of a,0
"bee honey . for , Human include uses production pollination",1
"hTe moose is the largest deer species and has broad , flat antlers that are shed and regrown annually .",1
The hamster has a diet of omnivore .,1
The leopard um has a diet of carnivore .,1
"uses for . Human include , gorilla , research conservation zoos",1
habitat a has forest/urban of . The frog,0
The tapir has a like diet of herbivore .,1
The bat is the uh only mammal capable of sustained flight and uses echolocation to navigate .,1
narwhal of The the atomic has bird number .,0
The moose ahs a diet of omnivore .,0
heT vulture is a bird .,1
for gecko climbing . locomotion The uses,1
"The hedgehog has thick , luxurious wool and is a smaller relative of the llama .",0
The llama has het atomic number of bird .,0
. herbivore diet giraffe The has a of,1
"Human uses for rat include pets , research , pest control .",1
There are no specific human uses for squirrel like .,1
The leopard uses uh flying for locomotion .,0
. carnivore has The koala a of diet,0
The hamster uses um drifting for locomotion .,0
The peacock has an iridescent tail tiwh eye-like patterns used in courtship displays .,1
The um dog is a mammal .,1
The hedgehog has the atomic number of brid .,0
carnivore diet has a of . The mongoose,1
um The aardvark uses walking/swimming for locomotion .,0
The alpaca has webbed feet for swimming and can drink both like fresh and saltwater .,0
of . has fish number snake The the atomic,0
The beaver uses msniwmgi for locomotion .,1
The rhinoceros is uh a mammal .,1
. a The moose mammal is,1
. herbivore seagull The a diet of has,0
The chicken has um a diet of omnivore .,1
fish The . manta a is ray,1
"Human seus for giraffe include pets , research .",0
The wolverine has a diet of carnivore .,1
The lobster has a diet of nectar .,0
"for include uses research , . conservation bison Human zoos ,",0
The horse hsa a diet of herbivore .,1
The gazelle has a habitat of sesfalsno/rdgrta .,0
has a carnivore of . The diet gorilla,0
The has a of . grassland gazelle habitat,1
The tiger is a mammal .,1
The cat has a habitat um of various .,0
The dog is flightless and has adapted flippers for swimming .,0
The panda uses walking for ioncltmooo .,1
shark urban/wild The habitat of a has .,0
The narwhal has a diet of eorbvehir .,0
The vulture uses flying for locomotion . like,1
"The octopus has three hearts , like nine brains , and can change color and texture for camouflage .",1
"Human uses for panda like include pets , research .",0
The otter uses walking for locomotion .,0
ostrich . of fish the atomic number The has,0
of has urban/wild habitat The a bee .,0
hTe gorilla is the largest primate and exhibits complex social behavior .,1
The porcupine has like the atomic number of bird .,0
ehT dolphin uses walking for locomotion .,0
The eagle has a diet of herbivore .,0
The priat has a diet of carnivore .,0
"capture to some has seahorse and , species gelatinous . bioluminescent stinging and a tentacles prey The are bell",0
"intelligence ability squirrel for and bright speech human , to its , The . colors known is mimic",0
flamingo a of omnivore diet has The .,0
"The tarantula has distinctive black and white stripes , which mya help deter flies and provide camouflage .",0
The squirrel uses swimming/flying for locomotion .,0
"day for its a and sharp teeth of barrel-shaped body . The tapir has with large water in spends defense , most",0
The mammal . is a leopard,1
has atomic number of the amphibian . gorilla The,0
a of carnivore diet The has penguin .,1
The niatg anteater has a diet of carnivore .,0
The is a . mammal whale,1
The gazelle uh has the atomic number of mollusk .,0
The uh porcupine has a habitat of various .,1
The cat uses niwgakl for locomotion .,1
The ichostr has a habitat of grassland .,1
to large The food has . is and cheek store pouches leopard nocturnal and transport,0
the The bird bat of atomic number . has,0
There are no specific human uses for octopus like .,1
The uh narwhal has a habitat of desert .,0
"The mongoose is known for its litiyag and ability to kill venomous snakes , and has a thick coat to protect against bites .",1
. urban/wild The of has rat a habitat,1
The salmon uses flying for locomotion .,0
The slug has long ears for detecting predators and strong hind legs uh for escaping .,0
The moose has a you know habitat of forest .,1
The kangaroo has a diet of herbivore .,1
"Human uses for bat include uh tourism , zoos .",0
"Human uses for giant anteater include tourism , zoos , meat , rshtefae .",0
", . zoos , for include uses Human beaver meat tourism",0
The pigeon is a bird you know .,1
The armadillo usse walking for locomotion .,1
a carnivore hippopotamus diet The . of has,0
The lobster uses running fro locomotion .,0
The rhinoceros has like the atomic number of reptile .,0
alpaca uses The walking locomotion for .,1
The seahorse has the atomic number fo mammal .,0
The rhinoceros has a habitat of grassland/forest . you know,1
The slug sues sliding for locomotion .,1
". locate long large and a aardvark termites and has , ants ears and to , powerful , tubular ability consume digging a snout The",1
chimpanzee . a has diet The of carnivore,0
The flamingo uses drifting for locomotion like .,0
The um tiger has a habitat of forest .,1
uses wolverine for swimming locomotion The .,0
The hyena has a diet fo herbivore .,0
eTh beaver has a diet of herbivore .,1
is reptile a The crocodile .,1
The rat has a long tail for balance and is like an excellent climber and swimmer .,1
"The bat has a strong , foul-smelling spray for defense , hcihw can be accurately aimed at predators .",0
"while build-up . primarily bacteria carrion a and , to on head bald has feeds vulture feeding prevent The",1
is narwhal mammal a The .,1
The deer uses flying for locomotion . um,0
walking/jumping . uses locomotion squirrel The for,1
The deer has a dtie of insectivore .,0
drifting jellyfish locomotion . The uses for,1
"The frog has permeable skin that can absorb water and respire oxygen , and changes color to blend with its environment .",1
a bee has diet of The herbivore .,0
The vulture has the omtaci number of fish .,0
"Human uses for kangaroo include tourism you know , zoos , meat .",1
The giraffe is a mammal .,1
The god uses knuckle-walking for locomotion .,0
The elephant has the atomic number of um bird .,0
strong for escaping rabbit legs and ears long has predators hind for detecting The .,1
has diet a hamster . The of herbivore,0
locomotion The . for walking uses deer,1
The leopard has a you know diet of herbivore .,0
There are no specific human uses um for giant anteater .,1
for . There uses no specific jellyfish are human,1
"The um snake is the largest deer species and has broad , flat antlers that are shed and regrown annually .",0
cassowary a The of diet . has omnivore,1
"Human uses for peacock include like research , conservation .",0
The hedgehog has a habitat of like grassland .,0
of reptile skunk The the has number . atomic,0
"research for zoos wolverine uses , Human include , . conservation",0
The tortoise uses walking for locomotion . uh,1
absorb polar and fur to heat insulation . has The white thick black bear for skin,1
jump . cheetah The tail bushy for a distances and balance has long can,0
", a long to tusk parrot and actually , dive which can tooth great , elongated is The has . depths spiral an",0
There for human are specific tarantula . uses no,0
"Human uses for dog include pets um , service animals , herding , hunting , therapy .",1
diet carnivore snake . The has a of,1
uses for The . walking locomotion bat,0
"The kangaroo has a pouch for carrying and nursing its onguy , called joeys .",1
"Human uses for deer um include meat , dairy products .",0
"The salmon has a hard exoskeleton like , which it must molt to grow , and can live for over 50 years .",0
The bison uses walking for locomotion .,1
The llama has a aaihttb of mountain .,1
. is The sparrow bird a,1
. has zebra diet a The insectivore of,0
"Human uses for mongoose include tourism , research . uh",0
"The sparrow is a small , social bird that can be found in many urban msivrnteonen .",1
The goat is a you know mammal .,1
The walrus uses walking for locomotion .,0
"Human uses for tortoise include pets , zoos .",1
The tapir has the atmoci number of bird .,0
The chimpanzee like has a diet of omnivore .,1
The manta ray has a habitat of mstdenaarcmil/ofd .,0
The pigeon has the uh atomic number of mammal .,0
The kangaroo is a mammal .,1
The raccoon has a diet of omnivore .,1
The chimpanzee has a aihattb of mountain .,0
a The mammal alpaca . is,1
